{"0": [[0.4092500000000059], [0.3657000000000107], [0.37795000000000933], [0.40875000000000594], [0.33870000000001366]], "1": [[0.5009], [0.37145000000001005], [0.28340000000001975], [0.2647000000000218], [0.26685000000002157]], "2": [[0.7304499999999787], [0.4934], [0.3190000000000158], [0.263100000000022], [0.25145000000002327]], "3": [[0.8447999999999661], [0.5928499999999939], [0.3762000000000095], [0.28050000000002007], [0.21690000000002707]], "4": [[0.8140499999999695], [0.5651499999999969], [0.3292500000000147], [0.23890000000002465], [0.2166000000000271]], "5": [[0.16995000000003224], [0.17710000000003145], [0.20980000000002785], [0.22805000000002584], [0.23625000000002494]], "6": [[0.8011999999999709], [0.5407999999999996], [0.3467000000000128], [0.2731000000000209], [0.24160000000002435]], "7": [[0.7502499999999765], [0.5317000000000006], [0.3619500000000111], [0.2682000000000214], [0.2402500000000245]], "8": [[0.6654499999999859], [0.48349999999999976], [0.32795000000001484], [0.24365000000002413], [0.23555000000002502]], "9": [[0.3347500000000141], [0.2548500000000229], [0.1976000000000292], [0.19630000000002934], [0.19650000000002932]], "10": [[0.299150000000018], [0.22970000000002566], [0.1759000000000316], [0.18995000000003004], [0.19785000000002917]], "11": [[0.7261999999999792], [0.5149000000000001], [0.3383500000000137], [0.2612500000000222], [0.24450000000002403]], "12": [[0.7799499999999733], [0.555499999999998], [0.3672500000000105], [0.26710000000002154], [0.23405000000002518]], "13": [[0.8332999999999674], [0.5953499999999936], [0.3856500000000085], [0.30695000000001715], [0.2738500000000208]], "14": [[0.8241999999999684], [0.5761499999999957], [0.37800000000000933], [0.31170000000001663], [0.26960000000002127]], "15": [[0.7764999999999737], [0.5506999999999985], [0.3312000000000145], [0.26150000000002216], [0.22895000000002574]], "16": [[0.28515000000001955], [0.24460000000002402], [0.2103500000000278], [0.24600000000002387], [0.23605000000002496]], "17": [[0.6446499999999882], [0.4500500000000014], [0.3348000000000141], [0.26605000000002166], [0.24680000000002378]], "18": [[0.7036499999999817], [0.4945], [0.33780000000001376], [0.25965000000002236], [0.2330500000000253]], "19": [[0.23335000000002526], [0.18865000000003018], [0.20340000000002856], [0.2257000000000261], [0.24045000000002448]], "20": [[0.7629999999999751], [0.5340000000000004], [0.36415000000001085], [0.2745500000000207], [0.244700000000024]], "21": [[0.8161499999999693], [0.5794499999999954], [0.3891500000000081], [0.2939000000000186], [0.25615000000002275]], "22": [[0.8150499999999694], [0.5723499999999961], [0.3793500000000092], [0.29440000000001854], [0.26050000000002227]], "23": [[0.7450499999999771], [0.5458499999999991], [0.3403000000000135], [0.2610500000000222], [0.2331000000000253]], "24": [[0.32500000000001517], [0.2929000000000187], [0.27230000000002097], [0.27615000000002055], [0.254100000000023]], "25": [[0.6385999999999888], [0.4617000000000001], [0.31605000000001615], [0.2504500000000234], [0.21805000000002694]], "26": [[0.7266999999999791], [0.5143000000000002], [0.33255000000001433], [0.23330000000002526], [0.20350000000002855]], "27": [[0.18955000000003008], [0.18060000000003107], [0.21015000000002781], [0.21415000000002737], [0.20055000000002887]], "28": [[0.7529499999999762], [0.5541999999999981], [0.32410000000001526], [0.2385500000000247], [0.20420000000002847]], "29": [[0.18520000000003056], [0.14375000000003513], [0.14635000000003484], [0.17960000000003118], [0.18815000000003024]], "30": [[0.15885000000003346], [0.1604500000000333], [0.15230000000003419], [0.17425000000003177], [0.1885000000000302]], "31": [[0.800749999999971], [0.5545499999999981], [0.3481000000000126], [0.2476000000000237], [0.23505000000002507]], "32": [[0.7846999999999728], [0.5703999999999964], [0.37790000000000934], [0.2711500000000211], [0.23080000000002554]], "33": [[0.7571499999999758], [0.5615999999999973], [0.3689500000000103], [0.28240000000001986], [0.2420500000000243]], "34": [[0.7423999999999774], [0.5618999999999973], [0.3635000000000109], [0.2922500000000188], [0.26690000000002156]], "35": [[0.3017500000000177], [0.16890000000003236], [0.17830000000003132], [0.21810000000002694], [0.2412000000000244]], "36": [[0.36155000000001114], [0.1957500000000294], [0.21640000000002713], [0.24600000000002387], [0.2575500000000226]], "37": [[0.6583999999999867], [0.5383999999999999], [0.3183000000000159], [0.23890000000002465], [0.2338500000000252]], "38": [[0.7837999999999729], [0.5664999999999968], [0.35975000000001134], [0.2602500000000223], [0.23530000000002504]], "39": [[0.7576999999999757], [0.5421499999999995], [0.35050000000001236], [0.2611500000000222], [0.2302500000000256]], "40": [[0.728449999999979], [0.5579999999999977], [0.4038000000000065], [0.3330000000000143], [0.32590000000001507]], "41": [[0.21245000000002756], [0.1422000000000353], [0.17260000000003195], [0.18595000000003048], [0.19520000000002946]], "42": [[0.2158000000000272], [0.172050000000032], [0.17885000000003126], [0.1911500000000299], [0.19270000000002974]], "43": [[0.8124499999999697], [0.5347000000000003], [0.33700000000001384], [0.25245000000002316], [0.226650000000026]], "44": [[0.8041499999999706], [0.5628499999999972], [0.3657000000000107], [0.2675000000000215], [0.2293500000000257]], "45": [[0.7673499999999747], [0.5804999999999952], [0.37950000000000916], [0.271850000000021], [0.23435000000002515]], "46": [[0.7364499999999781], [0.5262500000000006], [0.3411000000000134], [0.24875000000002356], [0.24155000000002436]], "47": [[0.36435000000001083], [0.3120500000000166], [0.23530000000002504], [0.23075000000002555], [0.2401500000000245]], "48": [[0.53685], [0.48209999999999975], [0.35165000000001223], [0.2921000000000188], [0.25605000000002276]], "49": [[0.6990499999999822], [0.7077999999999812], [0.573299999999996], [0.5169000000000002], [0.4876999999999999]]}