{"0": [[0.736649999999978], [0.6328499999999895], [0.4859499999999999], [0.36500000000001076], [0.29535000000001843]], "1": [[0.30620000000001724], [0.2828000000000198], [0.23710000000002485], [0.2157000000000272], [0.20960000000002788]], "2": [[0.6366499999999891], [0.4761499999999996], [0.3202000000000157], [0.23320000000002528], [0.20650000000002822]], "3": [[0.6678999999999856], [0.4959], [0.32685000000001496], [0.21975000000002676], [0.1858500000000305]], "4": [[0.5979999999999933], [0.46944999999999937], [0.3163000000000161], [0.22285000000002642], [0.18430000000003066]], "5": [[0.36420000000001085], [0.271850000000021], [0.21055000000002777], [0.1839500000000307], [0.16615000000003266]], "6": [[0.6946999999999827], [0.5129500000000001], [0.31330000000001645], [0.20700000000002816], [0.1593500000000334]], "7": [[0.71859999999998], [0.5388499999999998], [0.326700000000015], [0.20735000000002812], [0.15540000000003384]], "8": [[0.6752999999999848], [0.5280000000000006], [0.3157500000000162], [0.18610000000003046], [0.1503000000000344]], "9": [[0.27150000000002106], [0.21595000000002718], [0.1858000000000305], [0.17150000000003207], [0.15880000000003347]], "10": [[0.2876500000000193], [0.2475000000000237], [0.208450000000028], [0.1794500000000312], [0.17430000000003176]], "11": [[0.6569499999999868], [0.4746499999999995], [0.3283500000000148], [0.2547000000000229], [0.21990000000002674]], "12": [[0.7262499999999792], [0.4963], [0.3384000000000137], [0.2622500000000221], [0.22375000000002632]], "13": [[0.754849999999976], [0.50185], [0.3249000000000152], [0.2256000000000261], [0.18925000000003012]], "14": [[0.6781499999999845], [0.48965], [0.32610000000001504], [0.23165000000002545], [0.19625000000002935]], "15": [[0.5698499999999964], [0.45220000000000116], [0.32985000000001463], [0.2619000000000221], [0.24065000000002446]], "16": [[0.46205000000000007], [0.39615000000000733], [0.3301500000000146], [0.2940500000000186], [0.262750000000022]], "17": [[0.4836499999999998], [0.42035000000000466], [0.3572000000000116], [0.31060000000001675], [0.28120000000002]], "18": [[0.546299999999999], [0.4302500000000036], [0.33590000000001397], [0.2793000000000202], [0.2502500000000234]], "19": [[0.3947500000000075], [0.3245500000000152], [0.22640000000002602], [0.1875500000000303], [0.15975000000003337]], "20": [[0.6864499999999836], [0.48119999999999974], [0.2927000000000187], [0.199450000000029], [0.16320000000003299]], "21": [[0.7255999999999793], [0.5295500000000006], [0.3308000000000145], [0.23405000000002518], [0.18195000000003092]], "22": [[0.6878499999999834], [0.5165500000000002], [0.3137500000000164], [0.20790000000002806], [0.16515000000003277]], "23": [[0.6067499999999924], [0.4501000000000014], [0.29715000000001823], [0.20415000000002848], [0.16055000000003328]], "24": [[0.40860000000000596], [0.3494000000000125], [0.24240000000002426], [0.208450000000028], [0.17885000000003126]], "25": [[0.5985499999999933], [0.50005], [0.3865000000000084], [0.3073000000000171], [0.28515000000001955]], "26": [[0.5410999999999996], [0.4867499999999999], [0.3774000000000094], [0.31145000000001666], [0.2909500000000189]], "27": [[0.4764999999999996], [0.3680500000000104], [0.26350000000002194], [0.20335000000002856], [0.17345000000003186]], "28": [[0.4881999999999999], [0.38435000000000863], [0.2584000000000225], [0.19820000000002913], [0.17695000000003147]], "29": [[0.453600000000001], [0.20600000000002827], [0.16625000000003265], [0.1594000000000334], [0.1421000000000353]], "30": [[0.33675000000001387], [0.2638500000000219], [0.20625000000002824], [0.1685500000000324], [0.15285000000003413]], "31": [[0.6206999999999908], [0.4771999999999996], [0.31795000000001594], [0.2257500000000261], [0.18180000000003094]], "32": [[0.6577499999999867], [0.4915], [0.3222000000000155], [0.22965000000002567], [0.1821000000000309]], "33": [[0.6498499999999876], [0.4922], [0.3237000000000153], [0.23185000000002542], [0.18685000000003038]], "34": [[0.5705999999999963], [0.45050000000000134], [0.30685000000001716], [0.2330000000000253], [0.18450000000003064]], "35": [[0.3339000000000142], [0.2694500000000213], [0.1984000000000291], [0.16640000000003263], [0.15000000000003444]], "36": [[0.3046000000000174], [0.25510000000002286], [0.2139500000000274], [0.1821500000000309], [0.16345000000003296]], "37": [[0.5892999999999943], [0.45570000000000077], [0.3473500000000127], [0.29320000000001867], [0.24690000000002377]], "38": [[0.6119499999999918], [0.4868999999999999], [0.35140000000001226], [0.2757000000000206], [0.23330000000002526]], "39": [[0.6310999999999897], [0.5213000000000003], [0.3275000000000149], [0.21965000000002677], [0.17060000000003217]], "40": [[0.6634999999999861], [0.49915], [0.3154500000000162], [0.21325000000002747], [0.17325000000003188]], "41": [[0.23340000000002525], [0.1948500000000295], [0.16985000000003225], [0.16685000000003258], [0.1513500000000343]], "42": [[0.2573500000000226], [0.20970000000002786], [0.18175000000003094], [0.16555000000003273], [0.1530500000000341]], "43": [[0.6604499999999864], [0.4626], [0.31255000000001654], [0.22350000000002634], [0.17230000000003198]], "44": [[0.6911499999999831], [0.46309999999999996], [0.326450000000015], [0.23190000000002542], [0.17880000000003127]], "45": [[0.709349999999981], [0.4924], [0.32240000000001545], [0.2184000000000269], [0.16870000000003238]], "46": [[0.7119499999999808], [0.5171000000000002], [0.31515000000001625], [0.21015000000002781], [0.1666500000000326]], "47": [[0.2818000000000199], [0.23960000000002457], [0.20055000000002887], [0.1739500000000318], [0.14990000000003445]], "48": [[0.6523999999999873], [0.49215000000000003], [0.2974500000000182], [0.2058000000000283], [0.1576000000000336]], "49": [[0.5955499999999936], [0.6726999999999851], [0.4777999999999996], [0.3636000000000109], [0.29060000000001895]]}