{"0": [[0.6027999999999928], [0.582249999999995], [0.46240000000000003], [0.37700000000000944], [0.31500000000001627]], "1": [[0.3708000000000101], [0.32970000000001465], [0.28425000000001965], [0.24865000000002357], [0.22465000000002622]], "2": [[0.5521999999999984], [0.42665000000000397], [0.32260000000001543], [0.2527500000000231], [0.2111500000000277]], "3": [[0.5928999999999939], [0.4683999999999994], [0.31790000000001595], [0.22785000000002587], [0.18195000000003092]], "4": [[0.5507999999999985], [0.435500000000003], [0.3149000000000163], [0.24425000000002406], [0.2039000000000285]], "5": [[0.39325000000000765], [0.3199500000000157], [0.24645000000002382], [0.20350000000002855], [0.17625000000003155]], "6": [[0.6468999999999879], [0.47894999999999965], [0.3146500000000163], [0.21410000000002738], [0.17165000000003205]], "7": [[0.6805499999999842], [0.5132000000000001], [0.32795000000001484], [0.21000000000002783], [0.16200000000003312]], "8": [[0.6444499999999882], [0.47569999999999957], [0.30075000000001784], [0.19915000000002903], [0.16340000000003296]], "9": [[0.3201500000000157], [0.290150000000019], [0.22880000000002576], [0.18635000000003044], [0.17655000000003152]], "10": [[0.3558000000000118], [0.27335000000002085], [0.22910000000002573], [0.19090000000002993], [0.18790000000003027]], "11": [[0.4974], [0.45680000000000065], [0.31500000000001627], [0.2347500000000251], [0.18080000000003105]], "12": [[0.5519499999999984], [0.48889999999999995], [0.32700000000001495], [0.22135000000002658], [0.17450000000003174]], "13": [[0.5941499999999937], [0.4846999999999998], [0.31955000000001577], [0.22140000000002658], [0.1704000000000322]], "14": [[0.5565499999999979], [0.4501000000000014], [0.3412000000000134], [0.24720000000002373], [0.20100000000002882]], "15": [[0.5028], [0.4111500000000057], [0.34220000000001327], [0.2774000000000204], [0.25080000000002334]], "16": [[0.45040000000000135], [0.4048000000000064], [0.35705000000001164], [0.3012000000000178], [0.28870000000001916]], "17": [[0.46954999999999936], [0.4161500000000051], [0.3764500000000095], [0.31530000000001623], [0.2874000000000193]], "18": [[0.5002], [0.42865000000000375], [0.3574000000000116], [0.27710000000002044], [0.2521500000000232]], "19": [[0.46874999999999933], [0.362700000000011], [0.2748000000000207], [0.2113000000000277], [0.16445000000003285]], "20": [[0.555599999999998], [0.44950000000000145], [0.29595000000001837], [0.21165000000002765], [0.17450000000003174]], "21": [[0.6696499999999854], [0.50045], [0.32700000000001495], [0.22810000000002584], [0.17970000000003117]], "22": [[0.6253499999999903], [0.47479999999999956], [0.30535000000001733], [0.22070000000002665], [0.16195000000003312]], "23": [[0.546249999999999], [0.44490000000000196], [0.30890000000001694], [0.235650000000025], [0.18140000000003098]], "24": [[0.4663499999999996], [0.4117500000000056], [0.33705000000001384], [0.2666500000000216], [0.2239500000000263]], "25": [[0.5470499999999989], [0.4691499999999994], [0.42665000000000397], [0.39215000000000777], [0.3776000000000094]], "26": [[0.5266000000000005], [0.4436000000000021], [0.3954500000000074], [0.35400000000001197], [0.3374000000000138]], "27": [[0.4854999999999998], [0.399150000000007], [0.326650000000015], [0.2849500000000196], [0.2618500000000221]], "28": [[0.47989999999999966], [0.4056500000000063], [0.3508500000000123], [0.3121000000000166], [0.2737500000000208]], "29": [[0.2975500000000182], [0.34250000000001324], [0.2746500000000207], [0.21495000000002729], [0.19065000000002996]], "30": [[0.3954000000000074], [0.32695000000001495], [0.2747500000000207], [0.21235000000002757], [0.18350000000003075]], "31": [[0.5597999999999975], [0.44770000000000165], [0.31955000000001577], [0.24190000000002432], [0.19785000000002917]], "32": [[0.5800499999999953], [0.46754999999999947], [0.3374500000000138], [0.25270000000002313], [0.2047500000000284]], "33": [[0.5879499999999944], [0.45780000000000054], [0.3292500000000147], [0.2521500000000232], [0.2030500000000286]], "34": [[0.5290500000000006], [0.4282000000000038], [0.30605000000001725], [0.2438000000000241], [0.19815000000002914]], "35": [[0.3919500000000078], [0.3019000000000177], [0.226550000000026], [0.18890000000003015], [0.15895000000003345]], "36": [[0.3756500000000096], [0.2955000000000184], [0.23455000000002513], [0.20980000000002785], [0.18320000000003078]], "37": [[0.5187500000000003], [0.42765000000000386], [0.3283500000000148], [0.2882000000000192], [0.27875000000002026]], "38": [[0.5590499999999976], [0.4408500000000024], [0.326750000000015], [0.2712500000000211], [0.25450000000002293]], "39": [[0.6093499999999921], [0.45310000000000106], [0.31405000000001637], [0.22785000000002587], [0.18690000000003038]], "40": [[0.6123999999999917], [0.44210000000000227], [0.30150000000001775], [0.22315000000002638], [0.18430000000003066]], "41": [[0.3011000000000178], [0.27175000000002103], [0.2185500000000269], [0.1803000000000311], [0.15450000000003394]], "42": [[0.34700000000001274], [0.28620000000001944], [0.2211000000000266], [0.18450000000003064], [0.16540000000003274]], "43": [[0.5188500000000003], [0.4454500000000019], [0.2974500000000182], [0.2238500000000263], [0.17145000000003208]], "44": [[0.5395499999999998], [0.46779999999999944], [0.3165500000000161], [0.23160000000002545], [0.18880000000003017]], "45": [[0.5455999999999991], [0.4570500000000006], [0.3165000000000161], [0.24160000000002435], [0.20145000000002877]], "46": [[0.5718499999999962], [0.45055000000000134], [0.3203500000000157], [0.24600000000002387], [0.2067000000000282]], "47": [[0.35335000000001204], [0.30795000000001704], [0.22900000000002574], [0.20255000000002865], [0.1757500000000316]], "48": [[0.6163999999999913], [0.4507000000000013], [0.29510000000001846], [0.21510000000002727], [0.1802000000000311]], "49": [[0.745949999999977], [0.6018499999999929], [0.44775000000000165], [0.3322000000000144], [0.2529000000000231]]}